{"type": "metrics", "dataset": "train", "precision": 0.6704502459326523, "balanced_accuracy": 0.6606717691115253, "recall": 0.37486778083350963, "f1_score": 0.4808683853459973}
{"type": "cm_matrix", "dataset": "train", "true_0": {"predicted_0": 15402, "predicted_1": 871}, "true_1": {"predicted_0": 2955, "predicted_1": 1772}}
{"type": "metrics", "dataset": "test", "precision": 0.651541095890411, "balanced_accuracy": 0.670620665170046, "recall": 0.39863803038239914, "f1_score": 0.4946376340591485}
{"type": "cm_matrix", "dataset": "test", "true_0": {"predicted_0": 6684, "predicted_1": 407}, "true_1": {"predicted_0": 1148, "predicted_1": 761}}
